{
  "Store": [12, 3, 1, 5, 8, 16, 35, 29, 18, 17],
  "IsHoliday": [0, 1, 1, 1, 1, 0, 1, 1, 1, 1],
  "Unemployment": [5, 6, 8, 11, 5.7, 3.7, 7.3, 8.1, 11.7, 15.3],
  "Event_Type_codificado": [15901.445069, 16377.9964407, 15881.69333935, 22220.94453767, 14543.38715775, 15901.445069, 16377.9964407, 15881.69333935, 22220.94453767, 14543.38715775]
}
